weight_component,weight_kg
min,1.4143999999999999
mean,1.6462400000000001
max,1.8752
